Run,total_duration,load_duration,prompt_eval_duration,prompt_eval_rate,eval_duration,eval_rate
HelloLlama1,19.509223875,8.272548688,4.668616,6.64,6.511621,3.69
HelloLlama2,68.887355821,9.257883423,4.645254,6.67,54.914026,1.18
HelloLlama3,21.7049385695,8.812535305,4.802823,6.45,8.0,3.5
HelloLlama4,24.0,9.4062648445,4.538828,6.83,10.923335,3.48
HelloLlama5,23.0,9.0,4.663382,6.65,9.7285965,3.49
