Run,total_duration,load_duration,prompt_eval_duration,prompt_eval_rate,eval_duration,eval_rate
WaterCycle1,579.0,9.2526565475,5.348645,6.17,565.0,0.23
WaterCycle2,1076.2352975265,9.4344679715,4.947936,6.67,1061.668557,0.26
WaterCycle3,235.0,9.551067619,4.979588,6.63,220.481928,0.29
WaterCycle4,934.0,9.850713325,4.952629,6.66,919.93541,0.28
WaterCycle5,209.973957116,0.226261117,0.289717,113.9,209.395792,0.56
